title,company,location,date_of_posting,description,source_website,provenance,source_type,link,matched_search_term,remote_mode
"Senior Frontend-Entwickler:in React / TypeScript, 100 % Remote, KI-First",,,,,xing,xing,public_page,https://www.xing.com/jobs/berlin-senior-frontend-entwickler-react-typescript-100-remote-ki-first-153784213,Frontend Developer,remote
Senior Frontend-Entwickler Angular/TypeScript (Ref.Nr.: 46660),,,,,xing,xing,public_page,https://www.xing.com/jobs/berlin-senior-frontend-entwickler-angular-typescript-ref-nr-46660-153792898,Frontend Developer,
Frontend Entwickler React & TypeScript (w/m/d) in Berlin (hybrid),,,,,xing,xing,public_page,https://www.xing.com/jobs/berlin-frontend-entwickler-react-typescript-berlin-hybrid-156556601,Frontend Developer,hybrid
Frontend Engineer (React / TypeScript) (m/f/d),,,,,xing,xing,public_page,https://www.xing.com/jobs/berlin-frontend-engineer-react-typescript-156687634,Frontend Developer,
Midtier Frontend Engineer (f/m/d),,,,,xing,xing,public_page,https://www.xing.com/jobs/berlin-midtier-frontend-engineer-154563139,Frontend Developer,
Senior Frontend Entwickler (all genders),,,2026-08-27,,xing,xing,public_page,https://www.xing.com/jobs/berlin-senior-frontend-entwickler-all-genders-157492807,Frontend Developer,
Trainee Frontend Development (m/w/d),,,,,xing,xing,public_page,https://www.xing.com/jobs/berlin-trainee-frontend-development-157197833,Frontend Developer,
Trainee Frontend Development (m/w/d),,,2026-08-25,,xing,xing,public_page,https://www.xing.com/jobs/berlin-trainee-frontend-development-157180251,Frontend Developer,
Fullstack/Frontend Developer (m/w/d),,,,,xing,xing,public_page,https://www.xing.com/jobs/berlin-fullstack-frontend-developer-155717354,Frontend Developer,
Senior Frontend Developer,,,,,xing,xing,public_page,https://www.xing.com/jobs/berlin-senior-frontend-developer-146720052,Frontend Developer,
Senior Frontend Entwickler:in (d/m/w),,,,,xing,xing,public_page,https://www.xing.com/jobs/berlin-senior-frontend-entwickler-155788259,Frontend Developer,
Senior Frontend Entwickler (gn),,,2026-08-27,,xing,xing,public_page,https://www.xing.com/jobs/berlin-senior-frontend-entwickler-gn-157478502,Frontend Developer,
"Data and Digital Services, Tax Technology (Senior) Frontend Entwickler - Fokus Tax Technology (m/w/d)",,,,,xing,xing,public_page,https://www.xing.com/jobs/berlin-data-and-digital-services-tax-technology-senior-frontend-entwickler-fokus-tax-technology-157131103,Frontend Developer,
Frontend-Entwickler & Design-Technologist*,,,,,xing,xing,public_page,https://www.xing.com/jobs/berlin-frontend-entwickler-design-technologist-157301887,Frontend Developer,
Softwareentwickler Frontend,,,,,xing,xing,public_page,https://www.xing.com/jobs/berlin-softwareentwickler-frontend-157339744,Frontend Developer,
INTERIM Frontend Entwickler (gn),,,,,xing,xing,public_page,https://www.xing.com/jobs/berlin-interim-frontend-entwickler-gn-157272514,Frontend Developer,
Senior Frontend Angular Developer (all genders),]init[ AG,"Berlin, BERLIN, DEUTSCHLAND",2026-08-21,,bundesagentur,bundesagentur,api,https://www.jobexport.de/job/5226489.html?exp=81&cid=48879b28-63e5-4e99-a2b9-944efbba588b,Frontend Developer,
Software Engineer,JetBrains GmbH,"Berlin, BERLIN, DEUTSCHLAND",2026-08-27,,bundesagentur,bundesagentur,api,https://www.arbeitsagentur.de/jobsuche/jobdetail/10001-1003613387-S,Software Engineer,
Senior Web Developer BundesMessenger (m/w/d),BWI GmbH,"Berlin, BERLIN, DEUTSCHLAND",2026-08-27,,bundesagentur,bundesagentur,api,https://gute-jobs.de/viewjob-k69zx?utm_source=jsba-premium&utm_medium=n-a&utm_campaign=jsba-premium&utm_term=senior-web-developer-bundesmessenger-m-w-d,Web Developer,
Data & Quality Management Junior Specialist  - 3D Data Acquisition (all genders),Zalando SE,"Berlin, BERLIN, DEUTSCHLAND",2026-08-01,,bundesagentur,bundesagentur,api,https://www.arbeitsagentur.de/jobsuche/jobdetail/18251-31683-S,Talent Acquisition Specialist,
B126-C10 Senior Softwareentwickler Full-Stack (m/w/d) – Direktvermittlung in Festanstellung,Jan Schreiner Private Arbeitsvermittlung Arbitex,"Berlin, BERLIN, DEUTSCHLAND",2026-07-28,,bundesagentur,bundesagentur,api,https://www.arbeitsagentur.de/jobsuche/jobdetail/10001-1003457275-S,Junior Full Stack Developer,
(Senior) Full Stack Developer (m/d/w),EXXETA AG,"Berlin, BERLIN, DEUTSCHLAND",2026-07-21,,bundesagentur,bundesagentur,api,https://www.arbeitsagentur.de/jobsuche/jobdetail/12336-a26f1192j0438731-S,Full Stack Developer,
Senior Software Engineer (m/w/d) PHP und Shopware 6,Cornelsen Verlag GmbH,"Berlin, BERLIN, DEUTSCHLAND",2026-07-29,,bundesagentur,bundesagentur,api,https://www.arbeitsagentur.de/jobsuche/jobdetail/10001-1003460860-S,Software Engineer,
Software Test Engineer HiL (m/w/d),expertplace professionals GmbH,"Berlin, BERLIN, DEUTSCHLAND",2026-07-28,,bundesagentur,bundesagentur,api,https://www.arbeitsagentur.de/jobsuche/jobdetail/12826-SA0143586_JB5208695-S,Software Engineer,
(Senior) Full-Stack Software Engineer (m/w/d),20° GmbH,"Berlin, BERLIN, DEUTSCHLAND",2026-07-29,,bundesagentur,bundesagentur,api,https://www.arbeitsagentur.de/jobsuche/jobdetail/17338-6a3c9597a4726523f0-S,Software Engineer,
B60-C03 Software-Engineer (m/w/d),Jan Schreiner Private Arbeitsvermittlung Arbitex,"Berlin, BERLIN, DEUTSCHLAND",2026-07-28,,bundesagentur,bundesagentur,api,https://www.arbeitsagentur.de/jobsuche/jobdetail/10001-1003457603-S,Software Engineer,
SAP Developer (m/w/d) - SAP ABAP oder Web,"PROMOS consult Projektmanagement, Organisation und Service GmbH","Berlin, BERLIN, DEUTSCHLAND",2026-07-28,,bundesagentur,bundesagentur,api,https://www.arbeitsagentur.de/jobsuche/jobdetail/13635-f02e5a3f_JB5207390-S,Web Developer,
Senior Software Engineer (m/f/d),Flix,"Berlin, Berlin, Germany",2026-07-29,,arbeitnow,arbeitnow,api,https://www.arbeitnow.com/jobs/companies/flix/senior-software-engineer-berlin-374571,Software Engineer,
Web-Administration / Webmaster TYPO3,Projektron GmbH,Berlin,2026-07-29,,arbeitnow,arbeitnow,api,https://www.arbeitnow.com/jobs/companies/projektron-gmbh/web-administration-webmaster-typo3-berlin-269948,Web Developer,
(Senior) Talent Acquisition Manager – Tech,Career Site bei Lobster,Remote,2026-07-29,,arbeitnow,arbeitnow,api,https://www.arbeitnow.co.uk/jobs/companies/career-site-bei-lobster/remote-senior-talent-acquisition-manager-tech-435621,Talent Acquisition Specialist,remote
Junior Webentwickler (m/w/d) – Quereinsteiger willkommen,ATZ AG,"Dortmund, Nordrhein-Westfalen, Deutschland",2026-07-29,,arbeitnow,arbeitnow,api,https://www.arbeitnow.com/jobs/companies/atz-ag/junior-webentwickler-quereinsteiger-willkommen-dortmund-215250,Web Developer,
Senior/Staff Product Engineer (Full Stack) (m/f/d),epilot GmbH,Remote job,2026-07-29,,arbeitnow,arbeitnow,api,https://www.arbeitnow.com/jobs/companies/epilot-gmbh/remote-senior-staff-product-engineer-full-stack-koln-89000,Full Stack Developer,remote
Senior/Staff Product Engineer (Frontend) (m/f/d),epilot GmbH,Remote job,2026-07-29,,arbeitnow,arbeitnow,api,https://www.arbeitnow.com/jobs/companies/epilot-gmbh/remote-senior-staff-product-engineer-frontend-koln-102759,Frontend Developer,remote
Software Developer (m/w/d) - Java Backend,"PROMOS consult Projektmanagement, Organisation und Service GmbH","Berlin, BERLIN, DEUTSCHLAND",2026-07-27,,bundesagentur,bundesagentur,api,https://www.arbeitsagentur.de/jobsuche/jobdetail/13635-3457e935_JB5207410-S,software developer,
Senior Software Engineer (m/w/d) 40% Remote,EICS PD GmbH,"Berlin, BERLIN, DEUTSCHLAND",2026-07-21,,bundesagentur,bundesagentur,api,https://www.arbeitsagentur.de/jobsuche/jobdetail/14277-k24833.2878-S,Software Engineer,remote
Senior Full-Stack Developer (f/m/d) SAP CFS (Commercial Foundation Services),SAP,"Berlin, BERLIN, DEUTSCHLAND",2026-06-24,,bundesagentur,bundesagentur,api,https://www.arbeitsagentur.de/jobsuche/jobdetail/11070-1590766-1-S,Full Stack Developer,
"Senior Full Stack Developer (Python, Azure & AI) (w/m/d)",EY GmbH & Co. KG WPG,"Berlin, BERLIN, DEUTSCHLAND",2026-07-02,,bundesagentur,bundesagentur,api,https://www.arbeitsagentur.de/jobsuche/jobdetail/15548-1594230-1-S,Full Stack Developer,
Full Stack Software Developer E-Health (x/d/w/m),Doc Cirrus GmbH,"Berlin, BERLIN, DEUTSCHLAND",2026-07-07,,bundesagentur,bundesagentur,api,https://www.arbeitsagentur.de/jobsuche/jobdetail/13635-e64f82df_JB5191923-S,Full Stack Developer,
Full Stack Web Developer mit Architekturverantwortung (m/w/d),BITKOM e.V.,"Berlin, BERLIN, DEUTSCHLAND",2026-07-07,,bundesagentur,bundesagentur,api,https://www.arbeitsagentur.de/jobsuche/jobdetail/12908-063098559-S,Full Stack Developer,
Full Stack Developer - AI Team (f/m/d),think-cell,"Berlin, BERLIN, DEUTSCHLAND",2026-07-03,,bundesagentur,bundesagentur,api,https://www.arbeitsagentur.de/jobsuche/jobdetail/13644-307155-S,Full Stack Developer,
Quereinsteiger Physiker / Mathematiker als Software Engineer Data Analytics (mwd),HMS Analytical Software,"Berlin, BERLIN, DEUTSCHLAND",2026-07-03,,bundesagentur,bundesagentur,api,https://www.arbeitsagentur.de/jobsuche/jobdetail/13644-296843-S,Software Engineer,
Senior Software Engineer (all genders),Zalando SE,"Berlin, BERLIN, DEUTSCHLAND",2026-07-14,,bundesagentur,bundesagentur,api,https://www.arbeitsagentur.de/jobsuche/jobdetail/18251-31201-S,Software Engineer,
Senior Software Engineer (AppGlass) (m/f/d),JetBrains GmbH,"Berlin, BERLIN, DEUTSCHLAND",2026-07-08,,bundesagentur,bundesagentur,api,https://www.arbeitsagentur.de/jobsuche/jobdetail/10001-1003350545-S,Software Engineer,
Software Test Engineer (m/w/d),PAR GmbH,"Berlin, BERLIN, DEUTSCHLAND",2026-07-20,,bundesagentur,bundesagentur,api,https://www.arbeitsagentur.de/jobsuche/jobdetail/13932-k18687.3323-S,Software Engineer,
Software Engineer - Mobile Application | Android (m/w/d),blackned GmbH,"Berlin, BERLIN, DEUTSCHLAND",2026-07-20,,bundesagentur,bundesagentur,api,https://www.arbeitsagentur.de/jobsuche/jobdetail/13635-bce522e9_JB5199951-S,Software Engineer,
Senior Software Engineer Data (m/w/d/x),Deutsche Telekom AG,"Berlin, BERLIN, DEUTSCHLAND",2026-07-12,,bundesagentur,bundesagentur,api,https://www.arbeitsagentur.de/jobsuche/jobdetail/12444-563465374108906-DT-S,Software Engineer,
Software Engineer Full Stack (m/w/d),BWI GmbH,"Berlin, BERLIN, DEUTSCHLAND",2026-06-29,,bundesagentur,bundesagentur,api,https://www.arbeitsagentur.de/jobsuche/jobdetail/13509-0000211006b004-S,Software Engineer,
Senior Software Engineer Microservices (w/m/d),BWI GmbH,"Berlin, BERLIN, DEUTSCHLAND",2026-07-15,,bundesagentur,bundesagentur,api,https://www.arbeitsagentur.de/jobsuche/jobdetail/12336-a26f539j0447970-S,Software Engineer,
Software QA-Engineer (w/m/d),B. Braun,"Berlin, BERLIN, DEUTSCHLAND",2026-07-03,,bundesagentur,bundesagentur,api,https://www.arbeitsagentur.de/jobsuche/jobdetail/13644-305866-S,Software Engineer,
Senior AI Software Engineer,CompuGroup Medical SE & Co. KGaA,"Berlin, BERLIN, DEUTSCHLAND",2026-06-29,,bundesagentur,bundesagentur,api,https://www.arbeitsagentur.de/jobsuche/jobdetail/10001-1003300096-S,Software Engineer,
Senior Software Engineer (w/m/d),Capgemini Deutschland GmbH,"Berlin, BERLIN, DEUTSCHLAND",2026-06-26,,bundesagentur,bundesagentur,api,https://www.arbeitsagentur.de/jobsuche/jobdetail/17311-44270750-625-S,Software Engineer,
Embedded Software Engineer (m/w/d),CarByte,"Berlin, BERLIN, DEUTSCHLAND",2026-07-03,,bundesagentur,bundesagentur,api,https://www.arbeitsagentur.de/jobsuche/jobdetail/13644-272264-S,Software Engineer,
FullStack Software Engineer (m/w/d),SQLI,"Berlin, BERLIN, DEUTSCHLAND",2026-07-16,,bundesagentur,bundesagentur,api,https://www.arbeitsagentur.de/jobsuche/jobdetail/13644-246571-S,Software Engineer,
Fullstack Software Engineer (m/w/d) - Go/PHP,Schwarz Digits,"Berlin, BERLIN, DEUTSCHLAND",2026-07-18,,bundesagentur,bundesagentur,api,https://www.arbeitsagentur.de/jobsuche/jobdetail/13644-310179-S,Software Engineer,
Software Engineer – Fullstack (m/w/d),blackned GmbH,"Berlin, BERLIN, DEUTSCHLAND",2026-07-17,,bundesagentur,bundesagentur,api,https://www.arbeitsagentur.de/jobsuche/jobdetail/13635-ce738b23_JB5199180-S,Software Engineer,
Software Engineer - Security (m/w/d),blackned GmbH,"Berlin, BERLIN, DEUTSCHLAND",2026-07-17,,bundesagentur,bundesagentur,api,https://www.arbeitsagentur.de/jobsuche/jobdetail/13635-54eae55a_JB5199184-S,Software Engineer,
Praktikant im Bereich Business Development (m/w/d),CKM Group,Berlin,2026-07-22,,arbeitnow,arbeitnow,api,https://www.arbeitnow.com/jobs/companies/ckm-group/praktikant-im-bereich-business-development-berlin-369071,junior business development,
"Software Engineer, Data Infrastructure & Acquisition - Berlin, Germany",Speechify,"Berlin, Germany",2026-07-20,,arbeitnow,arbeitnow,api,https://www.arbeitnow.com/jobs/companies/speechify/software-engineer-data-infrastructure-acquisition-berlin-germany-255908,Software Engineer,
Founding Mobile Engineer (React Native),acemate.ai,Berlin,2026-07-20,,arbeitnow,arbeitnow,api,https://www.arbeitnow.com/jobs/companies/acemateai/founding-mobile-engineer-react-native-berlin-187747,React Developer,
Fullstack Softwareentwickler (m/w/d),TecFox GmbH,Braunschweig,2026-07-20,,arbeitnow,arbeitnow,api,https://www.arbeitnow.com/jobs/companies/tecfox-gmbh/fullstack-softwareentwickler-braunschweig-456113,Full Stack Developer,remote
Frontend Softwareentwickler (m/w/d),TecFox GmbH,Braunschweig,2026-07-20,,arbeitnow,arbeitnow,api,https://www.arbeitnow.com/jobs/companies/tecfox-gmbh/frontend-softwareentwickler-braunschweig-186839,Frontend Developer,remote
Area Manager (m/w/d) Business Development,Aramark Deutschland,"Berlin, BERLIN, DEUTSCHLAND",2026-07-17,,bundesagentur,bundesagentur,api,https://www.arbeitsagentur.de/jobsuche/jobdetail/12518-FKCHJC-3OK-S,Business Development,
"Senior Backend Engineer (TypeScript, NestJS/Node.js) (m/f/x)",Atolls,"Berlin, Berlin, Germany",2026-07-17,,arbeitnow,arbeitnow,api,https://www.arbeitnow.com/jobs/companies/atolls/senior-backend-engineer-typescript-nestjs-nodejs-berlin-317808,TypeScript Developer,
Data Engineer,Atolls,"Berlin, Germany",2026-07-17,,arbeitnow,arbeitnow,api,https://www.arbeitnow.com/jobs/companies/atolls/data-engineer-berlin-466297,AI Engineer,
Senior PHP Software Engineer,Atolls,"Berlin, Berlin, Germany",2026-07-17,,arbeitnow,arbeitnow,api,https://www.arbeitnow.com/jobs/companies/atolls/senior-php-software-engineer-berlin-407683,Software Engineer,
Senior Full-stack Python Engineer (m/f/d) - Network Planning,Flix,"Berlin, Berlin, Germany",2026-07-18,,arbeitnow,arbeitnow,api,https://www.arbeitnow.com/jobs/companies/flix/senior-full-stack-python-engineer-network-planning-berlin-414270,Full Stack Developer,
Technical Documentation Engineer – (m/f/d)| Legal AI Tech Scale-Up | Full Remote,Noxtua AG,"Berlin, BERLIN, DEUTSCHLAND",2026-07-17,,bundesagentur,bundesagentur,api,https://www.arbeitsagentur.de/jobsuche/jobdetail/13635-55dfcfcf_JB5199274-S,AI Engineer,remote
Teamcenter® Engineer (m/w/d) – Junior bis Senior / 100% remote,Profi Talent Recruitment UG PTR,"Berlin, BERLIN, DEUTSCHLAND",2026-07-17,,bundesagentur,bundesagentur,api,https://www.arbeitsagentur.de/jobsuche/jobdetail/10001-1003400417-S,Junior Software Engineer,remote
Software Engineer (all genders) - ZEOS (1 year limited contract),Zalando SE,"Berlin, BERLIN, DEUTSCHLAND",2026-07-17,,bundesagentur,bundesagentur,api,https://www.arbeitsagentur.de/jobsuche/jobdetail/18251-31308-S,Software Engineer,
Senior Talent Acquisition Partner (m/f/d) – FlixTrain,Flix,"Berlin, Berlin, Germany",2026-06-03,,arbeitnow,arbeitnow,api,https://www.arbeitnow.com/jobs/companies/flix/senior-talent-acquisition-partner-flixtrain-berlin-436841,Talent Acquisition Specialist,
Senior Product Manager - Web (m/w/d) - German speaking - Berlin,Patronus,Berlin,2026-06-04,,arbeitnow,arbeitnow,api,https://www.arbeitnow.com/jobs/companies/patronus/senior-product-manager-web-german-speaking-berlin-119701,Web Developer,
Mandatory Internship(Unpaid): Backend / Full-Stack Developer for AI SaaS,IndieKidz GmbH,Berlin,2026-06-04,,arbeitnow,arbeitnow,api,https://www.arbeitnow.com/jobs/companies/indiekidz-gmbh/mandatory-internshipunpaid-backend-full-stack-developer-for-ai-saas-berlin-152480,Full Stack Developer,remote
